taxon	sequenceID	name	full_name	subfamily	genus	host_major_group	host_minor_group	vector_group	sampled_host_sci_name
alignment/AL_TREE_Jingmenvirus_Seg3/member/ncbi-refseqs/KM521553	KM521553	Guaico_Seg3	Guaico Culex virus	FlaviPesti	Jingmenvirus	Arthropods	Insects	none	Culex interrogator
alignment/AL_TREE_Jingmenvirus_Seg3/member/ncbi-refseqs/KR902723	KR902723	WuhanAphid_Seg3	Wuhan aphid virus 1	FlaviPesti	Jingmenvirus	Arthropods	Insects	none	Hyalopterus pruni
alignment/AL_TREE_Jingmenvirus_Seg3/member/ncbi-refseqs/KX883003	KX883003	Changjiang_Seg3	Changjiang Jingmen-like virus	FlaviPesti	Jingmenvirus	Arthropods	Crustaceans	ticks	Procambarus clarkii
alignment/AL_TREE_Jingmenvirus_Seg3/member/ncbi-refseqs/MW208802	MW208802	HjrV1_Seg3	Hemipteran jingmen-related virus	FlaviPesti	Jingmenvirus	Arthropods	Insects	none	Tachycixius pilosus
alignment/AL_TREE_Jingmenvirus_Seg3/member/ncbi-refseqs/MW208803	MW208803	HjrV2_Seg3	Hemipteran jingmen-related virus	FlaviPesti	Jingmenvirus	Arthropods	Insects	none	Plea minutissima
alignment/AL_TREE_Jingmenvirus_Seg3/member/ncbi-refseqs/MW208804	MW208804	PJrV_Seg3	Psocopteran jingmen-related virus	FlaviPesti	Jingmenvirus	Arthropods	Insects	none	Heterocaecilius solocipennis
alignment/AL_TREE_Jingmenvirus_Seg3/member/ncbi-refseqs/MW208805	MW208805	NJrV_Seg3	Neuropteran jingmen-related virus	FlaviPesti	Jingmenvirus	Arthropods	Insects	none	Pseudomallada ventralis
alignment/AL_TREE_Jingmenvirus_Seg3/member/ncbi-refseqs/MW314685	MW314685	AJrV_Seg3	Arachnidan jingmen-related virus	FlaviPesti	Jingmenvirus	Arthropods	Scorpiones	none	Euscorpius sicanus
alignment/AL_TREE_Jingmenvirus_Seg3/member/ncbi-refseqs/NC_024114	NC_024114	JMTV_Seg3	Jingmen tick virus	FlaviPesti	Jingmenvirus	Arthropods	Acari	none	Ixodes persulcatus
